{"products":[{"id":"0.20961259028570267","qty":1}],"totalPrice":199.99999999999997}